,Time,Count
0,0-1,32.36063766479492
1,0-3,32.36063766479492
2,0-4,32.36063766479492
3,0-6,32.36063766479492
4,0-8,32.36063766479492
5,0-9,32.36063766479492
6,0-11,32.36063766479492
7,0-13,32.36063766479492
8,0-14,32.36063766479492
9,0-16,32.36063766479492
10,0-18,32.36063766479492
11,0-20,32.36063766479492
12,0-21,32.36063766479492
13,0-23,32.36063766479492
14,0-25,32.36063766479492
15,0-26,32.36063766479492
16,0-28,32.36063766479492
17,0-30,32.36063766479492
18,0-31,32.36063766479492
19,0-33,32.36063766479492
20,0-35,32.36063766479492
21,0-36,32.36063766479492
22,0-38,32.36063766479492
23,0-40,32.36063766479492
24,0-41,32.36063766479492
25,0-43,32.36063766479492
26,0-45,32.36063766479492
27,0-46,32.36063766479492
28,0-48,32.36063766479492
29,0-50,32.36063766479492
30,0-51,32.36063766479492
31,0-53,32.36063766479492
32,0-55,32.36063766479492
33,0-56,32.36063766479492
34,0-58,32.36063766479492
35,1-0,32.36063766479492
36,1-1,32.36063766479492
37,1-3,32.36063766479492
38,1-5,32.36063766479492
39,1-6,32.36063766479492
40,1-8,32.36063766479492
41,1-10,32.36063766479492
42,1-11,32.36063766479492
43,1-13,32.36063766479492
44,1-15,32.36063766479492
45,1-17,32.36063766479492
46,1-18,32.36063766479492
47,1-20,32.36063766479492
48,1-21,32.36063766479492
49,1-23,32.36063766479492
50,1-25,32.36063766479492
51,1-27,32.36063766479492
52,1-28,32.36063766479492
53,1-30,32.36063766479492
54,1-32,32.36063766479492
55,1-33,32.36063766479492
56,1-35,32.36063766479492
57,1-37,32.36063766479492
58,1-38,32.36063766479492
59,1-40,32.36063766479492
60,1-42,32.36063766479492
61,1-43,32.36063766479492
62,1-45,32.36063766479492
63,1-47,32.36063766479492
64,1-48,32.36063766479492
65,1-50,32.36063766479492
66,1-52,32.36063766479492
67,1-53,32.36063766479492
68,1-55,32.36063766479492
69,1-56,32.36063766479492
70,1-58,32.36063766479492
71,2-0,32.36063766479492
72,2-1,32.36063766479492
73,2-3,32.36063766479492
74,2-5,32.36063766479492
75,2-6,32.36063766479492
76,2-8,32.36063766479492
77,2-10,32.36063766479492
78,2-11,32.36063766479492
79,2-13,32.36063766479492
80,2-15,32.36063766479492
81,2-16,32.36063766479492
82,2-18,32.36063766479492
83,2-20,32.36063766479492
84,2-21,32.36063766479492
85,2-23,32.36063766479492
86,2-25,32.36063766479492
87,2-26,32.36063766479492
88,2-28,32.36063766479492
89,2-30,32.36063766479492
90,2-31,32.36063766479492
91,2-33,32.36063766479492
92,2-35,32.36063766479492
93,2-36,32.36063766479492
94,2-38,32.36063766479492
95,2-40,32.36063766479492
96,2-41,32.36063766479492
97,2-43,32.36063766479492
98,2-45,32.36063766479492
99,2-46,32.36063766479492
100,2-48,32.36063766479492
101,2-50,32.36063766479492
102,2-51,32.36063766479492
103,2-53,32.36063766479492
104,2-55,32.36063766479492
105,2-56,32.36063766479492
106,2-58,32.36063766479492
107,3-0,32.36063766479492
108,3-1,32.36063766479492
109,3-3,32.36063766479492
110,3-4,32.36063766479492
111,3-6,32.36063766479492
112,3-8,32.36063766479492
113,3-9,32.36063766479492
114,3-11,32.36063766479492
115,3-13,32.36063766479492
116,3-14,32.36063766479492
117,3-16,32.36063766479492
118,3-18,32.36063766479492
119,3-19,32.36063766479492
120,3-21,32.36063766479492
121,3-23,32.36063766479492
122,3-24,32.36063766479492
123,3-26,32.36063766479492
124,3-28,32.36063766479492
125,3-29,32.36063766479492
126,3-31,32.36063766479492
127,3-33,32.36063766479492
128,3-34,32.36063766479492
129,3-36,32.36063766479492
130,3-38,32.36063766479492
131,3-39,32.36063766479492
132,3-41,32.36063766479492
133,3-43,32.36063766479492
134,3-44,32.36063766479492
135,3-46,32.36063766479492
136,3-48,32.36063766479492
137,3-49,32.36063766479492
138,3-51,32.36063766479492
139,3-53,32.36063766479492
140,3-54,32.36063766479492
141,3-56,32.36063766479492
142,3-58,32.36063766479492
143,3-59,32.36063766479492
144,4-1,32.36063766479492
145,4-3,32.36063766479492
146,4-4,32.36063766479492
147,4-6,32.36063766479492
148,4-8,32.36063766479492
149,4-9,32.36063766479492
150,4-11,32.36063766479492
151,4-13,32.36063766479492
152,4-14,32.36063766479492
153,4-16,32.36063766479492
154,4-18,32.36063766479492
155,4-20,32.36063766479492
156,4-21,32.36063766479492
157,4-23,32.36063766479492
158,4-25,32.36063766479492
159,4-26,32.36063766479492
160,4-28,32.36063766479492
161,4-29,32.36063766479492
162,4-31,32.36063766479492
163,4-33,32.36063766479492
164,4-34,32.36063766479492
165,4-36,32.36063766479492
166,4-38,32.36063766479492
167,4-39,32.36063766479492
168,4-41,32.36063766479492
169,4-43,32.36063766479492
170,4-44,32.36063766479492
171,4-46,32.36063766479492
172,4-48,32.36063766479492
173,4-49,32.36063766479492
174,4-51,32.36063766479492
175,4-53,32.36063766479492
176,4-54,32.36063766479492
177,4-56,32.36063766479492
178,4-58,32.36063766479492
179,4-59,32.36063766479492
180,5-1,32.36063766479492
181,5-3,32.36063766479492
182,5-4,32.36063766479492
183,5-6,32.36063766479492
184,5-8,32.36063766479492
185,5-9,32.36063766479492
186,5-11,32.36063766479492
187,5-13,32.36063766479492
188,5-14,32.36063766479492
189,5-16,32.36063766479492
190,5-18,32.36063766479492
191,5-19,32.36063766479492
192,5-21,32.36063766479492
193,5-23,32.36063766479492
194,5-24,32.36063766479492
195,5-26,32.36063766479492
196,5-28,32.36063766479492
197,5-29,32.36063766479492
198,5-31,32.36063766479492
199,5-33,32.36063766479492
200,5-34,32.36063766479492
201,5-36,32.36063766479492
202,5-38,32.36063766479492
203,5-39,32.36063766479492
204,5-41,32.36063766479492
205,5-43,32.36063766479492
206,5-44,32.36063766479492
207,5-46,32.36063766479492
208,5-48,32.36063766479492
209,5-49,32.36063766479492
210,5-51,32.36063766479492
211,5-53,32.36063766479492
212,5-54,32.36063766479492
213,5-56,32.36063766479492
214,5-58,32.36063766479492
215,5-59,32.36063766479492
216,6-1,32.36063766479492
217,6-3,32.36063766479492
218,6-4,32.36063766479492
219,6-6,32.36063766479492
220,6-8,32.36063766479492
221,6-9,32.36063766479492
222,6-11,32.36063766479492
223,6-13,32.36063766479492
224,6-14,32.36063766479492
225,6-16,32.36063766479492
226,6-18,32.36063766479492
227,6-19,32.36063766479492
228,6-21,32.36063766479492
229,6-23,32.36063766479492
230,6-24,32.36063766479492
231,6-26,32.36063766479492
232,6-28,32.36063766479492
233,6-29,32.36063766479492
234,6-31,32.36063766479492
235,6-33,32.36063766479492
236,6-35,32.36063766479492
237,6-36,32.36063766479492
238,6-38,32.36063766479492
239,6-40,32.36063766479492
240,6-41,32.36063766479492
241,6-43,32.36063766479492
242,6-45,32.36063766479492
243,6-46,32.36063766479492
244,6-48,32.36063766479492
245,6-50,32.36063766479492
246,6-51,32.36063766479492
247,6-53,32.36063766479492
248,6-55,32.36063766479492
249,6-56,32.36063766479492
250,6-58,32.36063766479492
251,7-0,32.36063766479492
252,7-1,32.36063766479492
253,7-3,32.36063766479492
254,7-5,32.36063766479492
255,7-6,32.36063766479492
256,7-8,32.36063766479492
257,7-10,32.36063766479492
258,7-11,32.36063766479492
259,7-13,32.36063766479492
260,7-15,32.36063766479492
261,7-16,32.36063766479492
262,7-18,32.36063766479492
263,7-20,32.36063766479492
264,7-21,32.36063766479492
265,7-23,32.36063766479492
266,7-25,32.36063766479492
267,7-26,32.36063766479492
268,7-28,32.36063766479492
269,7-30,32.36063766479492
270,7-31,32.36063766479492
271,7-33,32.36063766479492
272,7-35,32.36063766479492
273,7-36,32.36063766479492
274,7-38,32.36063766479492
275,7-40,32.36063766479492
276,7-41,32.36063766479492
277,7-43,32.36063766479492
278,7-45,32.36063766479492
279,7-46,32.36063766479492
280,7-48,32.36063766479492
281,7-50,32.36063766479492
282,7-51,32.36063766479492
283,7-53,32.36063766479492
284,7-55,32.36063766479492
285,7-56,32.36063766479492
286,7-58,32.36063766479492
287,8-0,32.36063766479492
288,8-1,32.36063766479492
289,8-3,32.36063766479492
290,8-5,32.36063766479492
291,8-6,32.36063766479492
292,8-8,32.36063766479492
293,8-10,32.36063766479492
294,8-12,32.36063766479492
295,8-13,32.36063766479492
296,8-15,32.36063766479492
297,8-17,32.36063766479492
298,8-18,32.36063766479492
299,8-20,32.36063766479492
300,8-22,32.36063766479492
301,8-23,32.36063766479492
302,8-25,32.36063766479492
303,8-27,32.36063766479492
304,8-28,32.36063766479492
305,8-30,32.36063766479492
306,8-32,32.36063766479492
307,8-33,32.36063766479492
308,8-35,32.36063766479492
309,8-37,32.36063766479492
310,8-38,32.36063766479492
311,8-40,32.36063766479492
312,8-42,32.36063766479492
313,8-43,32.36063766479492
314,8-45,32.36063766479492
315,8-47,32.36063766479492
316,8-48,32.36063766479492
317,8-50,32.36063766479492
318,8-51,32.36063766479492
319,8-53,32.36063766479492
320,8-55,32.36063766479492
321,8-56,32.36063766479492
322,8-58,32.36063766479492
323,9-0,32.36063766479492
324,9-1,32.36063766479492
325,9-3,32.36063766479492
326,9-5,32.36063766479492
327,9-6,32.36063766479492
328,9-8,32.36063766479492
329,9-10,32.36063766479492
330,9-11,32.36063766479492
331,9-13,32.36063766479492
332,9-15,32.36063766479492
333,9-16,32.36063766479492
334,9-18,32.36063766479492
335,9-20,32.36063766479492
336,9-21,32.36063766479492
337,9-23,32.36063766479492
338,9-25,32.36063766479492
339,9-26,32.36063766479492
340,9-28,32.36063766479492
341,9-30,32.36063766479492
342,9-31,32.36063766479492
343,9-33,32.36063766479492
344,9-35,32.36063766479492
345,9-36,32.36063766479492
346,9-38,32.36063766479492
347,9-40,32.36063766479492
348,9-41,32.36063766479492
349,9-43,32.36063766479492
350,9-45,32.36063766479492
351,9-46,32.36063766479492
352,9-48,32.36063766479492
353,9-50,32.36063766479492
354,9-51,32.36063766479492
355,9-53,32.36063766479492
356,9-55,32.36063766479492
357,9-56,32.36063766479492
358,9-58,32.36063766479492
359,10-0,32.36063766479492
360,10-1,32.36063766479492
361,10-3,32.36063766479492
362,10-5,32.36063766479492
363,10-6,32.36063766479492
364,10-8,32.36063766479492
365,10-10,32.36063766479492
366,10-11,32.36063766479492
367,10-13,32.36063766479492
368,10-14,32.36063766479492
369,10-16,32.36063766479492
370,10-18,32.36063766479492
371,10-19,32.36063766479492
372,10-21,32.36063766479492
373,10-23,32.36063766479492
374,10-24,32.36063766479492
375,10-26,32.36063766479492
376,10-28,32.36063766479492
377,10-29,32.36063766479492
378,10-31,32.36063766479492
379,10-33,32.36063766479492
380,10-34,32.36063766479492
381,10-36,32.36063766479492
382,10-38,32.36063766479492
383,10-39,32.36063766479492
384,10-41,32.36063766479492
385,10-43,32.36063766479492
386,10-44,32.36063766479492
387,10-46,32.36063766479492
388,10-48,32.36063766479492
389,10-49,32.36063766479492
390,10-51,32.36063766479492
391,10-53,32.36063766479492
392,10-54,32.36063766479492
393,10-56,32.36063766479492
394,10-58,32.36063766479492
395,10-59,32.36063766479492
396,11-1,32.36063766479492
397,11-3,32.36063766479492
398,11-4,32.36063766479492
399,11-6,32.36063766479492
400,11-8,32.36063766479492
401,11-9,32.36063766479492
402,11-11,32.36063766479492
403,11-13,32.36063766479492
404,11-14,32.36063766479492
405,11-16,32.36063766479492
406,11-18,32.36063766479492
407,11-19,32.36063766479492
408,11-21,32.36063766479492
409,11-23,32.36063766479492
410,11-24,32.36063766479492
411,11-26,32.36063766479492
412,11-28,32.36063766479492
413,11-29,32.36063766479492
414,11-31,32.36063766479492
415,11-33,32.36063766479492
416,11-34,32.36063766479492
417,11-36,32.36063766479492
418,11-38,32.36063766479492
419,11-39,32.36063766479492
420,11-41,32.36063766479492
421,11-43,32.36063766479492
422,11-44,32.36063766479492
423,11-46,32.36063766479492
424,11-48,32.36063766479492
425,11-49,32.36063766479492
426,11-51,32.36063766479492
427,11-53,32.36063766479492
428,11-54,32.36063766479492
429,11-56,32.36063766479492
430,11-58,32.36063766479492
431,11-59,32.36063766479492
432,12-1,32.36063766479492
433,12-3,32.36063766479492
434,12-5,32.36063766479492
435,12-6,32.36063766479492
436,12-8,32.36063766479492
437,12-10,32.36063766479492
438,12-11,32.36063766479492
439,12-13,32.36063766479492
440,12-15,32.36063766479492
441,12-16,32.36063766479492
442,12-18,32.36063766479492
443,12-20,32.36063766479492
444,12-21,32.36063766479492
445,12-23,32.36063766479492
446,12-25,32.36063766479492
447,12-26,32.36063766479492
448,12-28,32.36063766479492
449,12-30,32.36063766479492
450,12-31,32.36063766479492
451,12-33,32.36063766479492
452,12-35,32.36063766479492
453,12-36,32.36063766479492
454,12-38,32.36063766479492
455,12-40,32.36063766479492
456,12-41,32.36063766479492
457,12-43,32.36063766479492
458,12-45,32.36063766479492
459,12-46,32.36063766479492
460,12-48,32.36063766479492
461,12-50,32.36063766479492
462,12-51,32.36063766479492
463,12-53,32.36063766479492
464,12-55,32.36063766479492
465,12-56,32.36063766479492
466,12-58,32.36063766479492
467,13-0,32.36063766479492
468,13-1,32.36063766479492
469,13-3,32.36063766479492
470,13-5,32.36063766479492
471,13-6,32.36063766479492
472,13-8,32.36063766479492
473,13-10,32.36063766479492
474,13-11,32.36063766479492
475,13-13,32.36063766479492
476,13-15,32.36063766479492
477,13-16,32.36063766479492
478,13-18,32.36063766479492
479,13-20,32.36063766479492
480,13-21,32.36063766479492
481,13-23,32.36063766479492
482,13-24,32.36063766479492
483,13-26,32.36063766479492
484,13-28,32.36063766479492
485,13-29,32.36063766479492
486,13-31,32.36063766479492
487,13-33,32.36063766479492
488,13-34,32.36063766479492
489,13-36,32.36063766479492
490,13-38,32.36063766479492
491,13-39,32.36063766479492
492,13-41,32.36063766479492
493,13-43,32.36063766479492
494,13-44,32.36063766479492
495,13-46,32.36063766479492
496,13-48,32.36063766479492
497,13-49,32.36063766479492
498,13-51,32.36063766479492
499,13-53,32.36063766479492
500,13-54,32.36063766479492
501,13-56,32.36063766479492
502,13-58,32.36063766479492
503,13-59,32.36063766479492
504,14-1,32.36063766479492
505,14-3,32.36063766479492
506,14-4,32.36063766479492
507,14-6,32.36063766479492
508,14-8,32.36063766479492
509,14-9,32.36063766479492
510,14-11,32.36063766479492
511,14-13,32.36063766479492
512,14-14,32.36063766479492
513,14-16,32.36063766479492
514,14-18,32.36063766479492
515,14-19,32.36063766479492
516,14-21,32.36063766479492
517,14-23,32.36063766479492
518,14-24,32.36063766479492
519,14-26,32.36063766479492
520,14-28,32.36063766479492
521,14-29,32.36063766479492
522,14-31,32.36063766479492
523,14-33,32.36063766479492
524,14-35,32.36063766479492
525,14-36,32.36063766479492
526,14-38,32.36063766479492
527,14-40,32.36063766479492
528,14-41,32.36063766479492
529,14-43,32.36063766479492
530,14-45,32.36063766479492
531,14-46,32.36063766479492
532,14-48,32.36063766479492
533,14-50,32.36063766479492
534,14-51,32.36063766479492
535,14-53,32.36063766479492
536,14-55,32.36063766479492
537,14-56,32.36063766479492
538,14-58,32.36063766479492
539,15-0,32.36063766479492
540,15-1,32.36063766479492
541,15-3,32.36063766479492
542,15-5,32.36063766479492
543,15-6,32.36063766479492
544,15-8,32.36063766479492
545,15-10,32.36063766479492
546,15-11,32.36063766479492
547,15-13,32.36063766479492
548,15-15,32.36063766479492
549,15-16,32.36063766479492
550,15-18,32.36063766479492
551,15-20,32.36063766479492
552,15-21,32.36063766479492
553,15-23,32.36063766479492
554,15-25,32.36063766479492
555,15-26,32.36063766479492
556,15-28,32.36063766479492
557,15-30,32.36063766479492
558,15-31,32.36063766479492
559,15-33,32.36063766479492
560,15-35,32.36063766479492
561,15-36,32.36063766479492
562,15-38,32.36063766479492
563,15-40,32.36063766479492
564,15-41,32.36063766479492
565,15-43,32.36063766479492
566,15-45,32.36063766479492
567,15-46,32.36063766479492
568,15-48,32.36063766479492
569,15-50,32.36063766479492
570,15-52,32.36063766479492
571,15-53,32.36063766479492
572,15-55,32.36063766479492
573,15-57,32.36063766479492
574,15-58,32.36063766479492
575,16-0,32.36063766479492
576,16-2,32.36063766479492
577,16-3,32.36063766479492
578,16-5,32.36063766479492
579,16-7,32.36063766479492
580,16-8,32.36063766479492
581,16-10,32.36063766479492
582,16-12,32.36063766479492
583,16-13,32.36063766479492
584,16-15,32.36063766479492
585,16-17,32.36063766479492
586,16-18,32.36063766479492
587,16-20,32.36063766479492
588,16-22,32.36063766479492
589,16-23,32.36063766479492
590,16-25,32.36063766479492
591,16-27,32.36063766479492
592,16-28,32.36063766479492
593,16-30,32.36063766479492
594,16-32,32.36063766479492
595,16-33,32.36063766479492
596,16-35,32.36063766479492
597,16-37,32.36063766479492
598,16-38,32.36063766479492
599,16-40,32.36063766479492
600,16-42,32.36063766479492
601,16-43,32.36063766479492
602,16-45,32.36063766479492
603,16-47,32.36063766479492
604,16-48,32.36063766479492
605,16-50,32.36063766479492
606,16-52,32.36063766479492
607,16-53,32.36063766479492
608,16-55,32.36063766479492
609,16-57,32.36063766479492
610,16-58,32.36063766479492
611,17-0,32.36063766479492
612,17-2,32.36063766479492
613,17-3,32.36063766479492
614,17-5,32.36063766479492
615,17-7,32.36063766479492
616,17-9,32.36063766479492
617,17-10,32.36063766479492
618,17-12,32.36063766479492
619,17-14,32.36063766479492
620,17-15,32.36063766479492
621,17-17,32.36063766479492
622,17-19,32.36063766479492
623,17-20,32.36063766479492
624,17-22,32.36063766479492
625,17-24,32.36063766479492
626,17-25,32.36063766479492
627,17-27,32.36063766479492
628,17-29,32.36063766479492
629,17-30,32.36063766479492
630,17-32,32.36063766479492
631,17-34,32.36063766479492
632,17-35,32.36063766479492
633,17-37,32.36063766479492
634,17-39,32.36063766479492
635,17-40,32.36063766479492
636,17-42,32.36063766479492
637,17-44,32.36063766479492
638,17-45,32.36063766479492
639,17-47,32.36063766479492
640,17-49,32.36063766479492
641,17-50,32.36063766479492
642,17-52,32.36063766479492
643,17-54,32.36063766479492
644,17-55,32.36063766479492
645,17-57,32.36063766479492
646,17-59,32.36063766479492
647,18-0,32.36063766479492
648,18-2,32.36063766479492
649,18-4,32.36063766479492
650,18-5,32.36063766479492
651,18-7,32.36063766479492
652,18-9,32.36063766479492
653,18-10,32.36063766479492
654,18-12,32.36063766479492
655,18-14,32.36063766479492
656,18-16,32.36063766479492
657,18-17,32.36063766479492
658,18-19,32.36063766479492
659,18-21,32.36063766479492
660,18-22,32.36063766479492
661,18-24,32.36063766479492
662,18-26,32.36063766479492
663,18-27,32.36063766479492
664,18-29,32.36063766479492
665,18-31,32.36063766479492
666,18-32,32.36063766479492
667,18-34,32.36063766479492
668,18-36,32.36063766479492
669,18-37,32.36063766479492
670,18-39,32.36063766479492
671,18-41,32.36063766479492
672,18-42,32.36063766479492
673,18-44,32.36063766479492
674,18-46,32.36063766479492
675,18-47,32.36063766479492
676,18-49,32.36063766479492
677,18-51,32.36063766479492
678,18-52,32.36063766479492
679,18-54,32.36063766479492
680,18-56,32.36063766479492
681,18-57,32.36063766479492
682,18-59,32.36063766479492
683,19-1,32.36063766479492
684,19-2,32.36063766479492
685,19-4,32.36063766479492
686,19-6,32.36063766479492
687,19-7,32.36063766479492
688,19-9,32.36063766479492
689,19-11,32.36063766479492
690,19-12,32.36063766479492
691,19-14,32.36063766479492
692,19-16,32.36063766479492
693,19-17,32.36063766479492
694,19-19,32.36063766479492
695,19-21,32.36063766479492
696,19-22,32.36063766479492
697,19-24,32.36063766479492
698,19-26,32.36063766479492
699,19-27,32.36063766479492
700,19-29,32.36063766479492
701,19-31,32.36063766479492
702,19-33,32.36063766479492
703,19-34,32.36063766479492
704,19-36,32.36063766479492
705,19-38,32.36063766479492
706,19-39,32.36063766479492
707,19-41,32.36063766479492
708,19-43,32.36063766479492
709,19-44,32.36063766479492
710,19-46,32.36063766479492
711,19-48,32.36063766479492
712,19-49,32.36063766479492
713,19-51,32.36063766479492
714,19-53,32.36063766479492
715,19-54,32.36063766479492
716,19-56,32.36063766479492
717,19-58,32.36063766479492
718,19-59,32.36063766479492
719,20-1,32.36063766479492
720,20-3,32.36063766479492
721,20-4,32.36063766479492
722,20-6,32.36063766479492
723,20-8,32.36063766479492
724,20-9,32.36063766479492
725,20-11,32.36063766479492
726,20-13,32.36063766479492
727,20-14,32.36063766479492
728,20-16,32.36063766479492
729,20-18,32.36063766479492
730,20-19,32.36063766479492
731,20-21,32.36063766479492
732,20-23,32.36063766479492
733,20-24,32.36063766479492
734,20-26,32.36063766479492
735,20-28,32.36063766479492
736,20-29,32.36063766479492
737,20-31,32.36063766479492
738,20-33,32.36063766479492
739,20-34,32.36063766479492
740,20-36,32.36063766479492
741,20-38,32.36063766479492
742,20-40,32.36063766479492
743,20-41,32.36063766479492
744,20-43,32.36063766479492
745,20-45,32.36063766479492
746,20-46,32.36063766479492
747,20-48,32.36063766479492
748,20-50,32.36063766479492
749,20-51,32.36063766479492
750,20-53,32.36063766479492
751,20-55,32.36063766479492
752,20-56,32.36063766479492
753,20-58,32.36063766479492
754,21-0,32.36063766479492
755,21-1,32.36063766479492
756,21-3,32.36063766479492
757,21-5,32.36063766479492
758,21-6,32.36063766479492
759,21-8,32.36063766479492
760,21-10,32.36063766479492
761,21-11,32.36063766479492
762,21-13,32.36063766479492
763,21-15,32.36063766479492
764,21-16,32.36063766479492
765,21-18,32.36063766479492
766,21-20,32.36063766479492
767,21-21,32.36063766479492
768,21-23,32.36063766479492
769,21-25,32.36063766479492
770,21-26,32.36063766479492
771,21-28,32.36063766479492
772,21-30,32.36063766479492
773,21-31,32.36063766479492
774,21-33,32.36063766479492
775,21-35,32.36063766479492
776,21-36,32.36063766479492
777,21-38,32.36063766479492
778,21-40,32.36063766479492
779,21-41,32.36063766479492
780,21-43,32.36063766479492
781,21-45,32.36063766479492
782,21-47,32.36063766479492
783,21-48,32.36063766479492
784,21-50,32.36063766479492
785,21-52,32.36063766479492
786,21-53,32.36063766479492
787,21-55,32.36063766479492
788,21-57,32.36063766479492
789,21-58,32.36063766479492
790,22-0,32.36063766479492
791,22-2,32.36063766479492
792,22-3,32.36063766479492
793,22-5,32.36063766479492
794,22-7,32.36063766479492
795,22-8,32.36063766479492
796,22-10,32.36063766479492
797,22-12,32.36063766479492
798,22-13,32.36063766479492
799,22-15,32.36063766479492
800,22-17,32.36063766479492
801,22-18,32.36063766479492
802,22-20,32.36063766479492
803,22-22,32.36063766479492
804,22-23,32.36063766479492
805,22-25,32.36063766479492
806,22-27,32.36063766479492
807,22-28,32.36063766479492
808,22-30,32.36063766479492
809,22-32,32.36063766479492
810,22-33,32.36063766479492
811,22-35,32.36063766479492
812,22-37,32.36063766479492
813,22-38,32.36063766479492
814,22-40,32.36063766479492
815,22-42,32.36063766479492
816,22-43,32.36063766479492
817,22-45,32.36063766479492
818,22-47,32.36063766479492
819,22-48,32.36063766479492
820,22-50,32.36063766479492
821,22-51,32.36063766479492
822,22-53,32.36063766479492
823,22-55,32.36063766479492
824,22-56,32.36063766479492
825,22-58,32.36063766479492
826,23-0,32.36063766479492
827,23-1,32.36063766479492
828,23-3,32.36063766479492
829,23-5,32.36063766479492
830,23-6,32.36063766479492
831,23-8,32.36063766479492
832,23-10,32.36063766479492
833,23-11,32.36063766479492
834,23-13,32.36063766479492
835,23-15,32.36063766479492
836,23-16,32.36063766479492
837,23-18,32.36063766479492
838,23-20,32.36063766479492
839,23-21,32.36063766479492
840,23-23,32.36063766479492
841,23-25,32.36063766479492
842,23-26,32.36063766479492
843,23-28,32.36063766479492
844,23-30,32.36063766479492
845,23-31,32.36063766479492
846,23-33,32.36063766479492
847,23-35,32.36063766479492
848,23-37,32.36063766479492
849,23-38,32.36063766479492
850,23-40,32.36063766479492
851,23-42,32.36063766479492
852,23-43,32.36063766479492
853,23-45,32.36063766479492
854,23-47,32.36063766479492
855,23-48,32.36063766479492
856,23-50,32.36063766479492
857,23-52,32.36063766479492
858,23-53,32.36063766479492
859,23-55,32.36063766479492
860,23-57,32.36063766479492
861,23-58,32.36063766479492
862,24-0,32.36063766479492
863,24-2,32.36063766479492
864,24-3,32.36063766479492
865,24-5,32.36063766479492
866,24-7,32.36063766479492
867,24-8,32.36063766479492
868,24-10,32.36063766479492
869,24-12,32.36063766479492
870,24-13,32.36063766479492
871,24-15,32.36063766479492
872,24-17,32.36063766479492
873,24-18,32.36063766479492
874,24-20,32.36063766479492
875,24-22,32.36063766479492
876,24-23,32.36063766479492
877,24-25,32.36063766479492
878,24-27,32.36063766479492
879,24-28,32.36063766479492
880,24-30,32.36063766479492
881,24-32,32.36063766479492
882,24-33,32.36063766479492
883,24-35,32.36063766479492
884,24-37,32.36063766479492
885,24-38,32.36063766479492
886,24-40,32.36063766479492
887,24-42,32.36063766479492
888,24-43,32.36063766479492
889,24-45,32.36063766479492
890,24-47,32.36063766479492
891,24-49,32.36063766479492
892,24-50,32.36063766479492
893,24-52,32.36063766479492
894,24-54,32.36063766479492
895,24-55,32.36063766479492
896,24-57,32.36063766479492
897,24-59,32.36063766479492
898,25-0,32.36063766479492
899,25-2,32.36063766479492
900,25-4,32.36063766479492
901,25-5,32.36063766479492
902,25-7,32.36063766479492
903,25-9,32.36063766479492
904,25-10,32.36063766479492
905,25-12,32.36063766479492
906,25-14,32.36063766479492
907,25-15,32.36063766479492
908,25-17,32.36063766479492
909,25-19,32.36063766479492
910,25-20,32.36063766479492
911,25-22,32.36063766479492
912,25-24,32.36063766479492
913,25-25,32.36063766479492
914,25-27,32.36063766479492
915,25-29,32.36063766479492
916,25-30,32.36063766479492
917,25-32,32.36063766479492
918,25-34,32.36063766479492
919,25-35,32.36063766479492
920,25-37,32.36063766479492
921,25-39,32.36063766479492
922,25-40,32.36063766479492
923,25-42,32.36063766479492
924,25-44,32.36063766479492
925,25-45,32.36063766479492
926,25-47,32.36063766479492
927,25-49,32.36063766479492
928,25-50,32.36063766479492
929,25-52,32.36063766479492
930,25-54,32.36063766479492
931,25-55,32.36063766479492
932,25-57,32.36063766479492
933,25-59,32.36063766479492
934,26-1,32.36063766479492
935,26-2,32.36063766479492
936,26-4,32.36063766479492
937,26-6,32.36063766479492
938,26-7,32.36063766479492
939,26-9,32.36063766479492
940,26-11,32.36063766479492
941,26-12,32.36063766479492
942,26-14,32.36063766479492
943,26-16,32.36063766479492
944,26-17,32.36063766479492
945,26-19,32.36063766479492
946,26-21,32.36063766479492
947,26-22,32.36063766479492
948,26-24,32.36063766479492
949,26-26,32.36063766479492
950,26-27,32.36063766479492
951,26-29,32.36063766479492
952,26-31,32.36063766479492
953,26-32,32.36063766479492
954,26-34,32.36063766479492
955,26-36,32.36063766479492
956,26-37,32.36063766479492
957,26-39,32.36063766479492
958,26-41,32.36063766479492
959,26-42,32.36063766479492
960,26-44,32.36063766479492
961,26-46,32.36063766479492
962,26-47,32.36063766479492
963,26-49,32.36063766479492
964,26-51,32.36063766479492
965,26-52,32.36063766479492
966,26-54,32.36063766479492
967,26-56,32.36063766479492
968,26-57,32.36063766479492
969,26-59,32.36063766479492
970,27-1,32.36063766479492
971,27-2,32.36063766479492
972,27-4,32.36063766479492
973,27-6,32.36063766479492
974,27-7,32.36063766479492
975,27-9,32.36063766479492
976,27-11,32.36063766479492
977,27-12,32.36063766479492
978,27-14,32.36063766479492
979,27-16,32.36063766479492
980,27-17,32.36063766479492
981,27-19,32.36063766479492
982,27-21,32.36063766479492
983,27-22,32.36063766479492
984,27-24,32.36063766479492
985,27-26,32.36063766479492
986,27-27,32.36063766479492
987,27-29,32.36063766479492
988,27-30,32.36063766479492
989,27-32,32.36063766479492
990,27-34,32.36063766479492
991,27-35,32.36063766479492
992,27-37,32.36063766479492
993,27-39,32.36063766479492
994,27-40,32.36063766479492
995,27-42,32.36063766479492
996,27-44,32.36063766479492
997,27-45,32.36063766479492
998,27-47,32.36063766479492
999,27-49,32.36063766479492
1000,27-50,32.36063766479492
1001,27-52,32.36063766479492
1002,27-54,32.36063766479492
1003,27-55,32.36063766479492
1004,27-57,32.36063766479492
1005,27-59,32.36063766479492
1006,28-0,32.36063766479492
1007,28-2,32.36063766479492
1008,28-4,32.36063766479492
1009,28-5,32.36063766479492
1010,28-7,32.36063766479492
1011,28-9,32.36063766479492
1012,28-10,32.36063766479492
1013,28-12,32.36063766479492
1014,28-14,32.36063766479492
1015,28-15,32.36063766479492
1016,28-17,32.36063766479492
1017,28-19,32.36063766479492
1018,28-20,32.36063766479492
1019,28-22,32.36063766479492
1020,28-24,32.36063766479492
1021,28-25,32.36063766479492
1022,28-27,32.36063766479492
1023,28-29,32.36063766479492
1024,28-30,32.36063766479492
1025,28-32,32.36063766479492
1026,28-34,32.36063766479492
1027,28-35,32.36063766479492
1028,28-37,32.36063766479492
1029,28-39,32.36063766479492
1030,28-40,32.36063766479492
1031,28-42,32.36063766479492
1032,28-44,32.36063766479492
1033,28-45,32.36063766479492
1034,28-47,32.36063766479492
1035,28-49,32.36063766479492
1036,28-50,32.36063766479492
1037,28-52,32.36063766479492
1038,28-54,32.36063766479492
1039,28-55,32.36063766479492
1040,28-57,32.36063766479492
1041,28-58,32.36063766479492
1042,29-0,32.36063766479492
1043,29-2,32.36063766479492
1044,29-3,32.36063766479492
1045,29-5,32.36063766479492
1046,29-7,32.36063766479492
1047,29-8,32.36063766479492
1048,29-10,32.36063766479492
1049,29-12,32.36063766479492
1050,29-13,32.36063766479492
1051,29-15,32.36063766479492
1052,29-17,32.36063766479492
1053,29-18,32.36063766479492
1054,29-20,32.36063766479492
1055,29-22,32.36063766479492
1056,29-23,32.36063766479492
1057,29-25,32.36063766479492
1058,29-27,32.36063766479492
1059,29-28,32.36063766479492
1060,29-30,32.36063766479492
1061,29-32,32.36063766479492
1062,29-33,32.36063766479492
1063,29-35,32.36063766479492
1064,29-37,32.36063766479492
1065,29-38,32.36063766479492
1066,29-40,32.36063766479492
1067,29-42,32.36063766479492
1068,29-43,32.36063766479492
1069,29-45,32.36063766479492
1070,29-47,32.36063766479492
1071,29-48,32.36063766479492
1072,29-50,32.36063766479492
1073,29-52,32.36063766479492
1074,29-53,32.36063766479492
1075,29-55,32.36063766479492
1076,29-57,32.36063766479492
1077,29-58,32.36063766479492
1078,30-0,32.36063766479492
1079,30-2,32.36063766479492
1080,30-3,32.36063766479492
1081,30-5,32.36063766479492
1082,30-7,32.36063766479492
1083,30-8,32.36063766479492
1084,30-10,32.36063766479492
1085,30-11,32.36063766479492
1086,30-13,32.36063766479492
1087,30-15,32.36063766479492
1088,30-16,32.36063766479492
1089,30-18,32.36063766479492
1090,30-20,32.36063766479492
1091,30-21,32.36063766479492
1092,30-23,32.36063766479492
1093,30-25,32.36063766479492
1094,30-26,32.36063766479492
1095,30-28,32.36063766479492
1096,30-30,32.36063766479492
1097,30-31,32.36063766479492
1098,30-33,32.36063766479492
1099,30-35,32.36063766479492
1100,30-36,32.36063766479492
1101,30-38,32.36063766479492
1102,30-40,32.36063766479492
1103,30-41,32.36063766479492
1104,30-43,32.36063766479492
1105,30-45,32.36063766479492
1106,30-46,32.36063766479492
1107,30-48,32.36063766479492
1108,30-50,32.36063766479492
1109,30-51,32.36063766479492
1110,30-53,32.36063766479492
1111,30-55,32.36063766479492
1112,30-56,32.36063766479492
1113,30-58,32.36063766479492
1114,31-0,32.36063766479492
1115,31-1,32.36063766479492
1116,31-3,32.36063766479492
1117,31-5,32.36063766479492
1118,31-6,32.36063766479492
1119,31-8,32.36063766479492
1120,31-10,32.36063766479492
1121,31-11,32.36063766479492
1122,31-13,32.36063766479492
1123,31-15,32.36063766479492
1124,31-16,32.36063766479492
1125,31-18,32.36063766479492
1126,31-19,32.36063766479492
1127,31-21,32.36063766479492
1128,31-23,32.36063766479492
1129,31-24,32.36063766479492
1130,31-26,32.36063766479492
1131,31-28,32.36063766479492
1132,31-29,32.36063766479492
1133,31-31,32.36063766479492
1134,31-33,32.36063766479492
1135,31-34,32.36063766479492
1136,31-36,32.36063766479492
1137,31-38,32.36063766479492
1138,31-39,32.36063766479492
1139,31-41,32.36063766479492
1140,31-43,32.36063766479492
1141,31-44,32.36063766479492
1142,31-46,32.36063766479492
1143,31-48,32.36063766479492
1144,31-49,32.36063766479492
1145,31-51,32.36063766479492
1146,31-53,32.36063766479492
1147,31-54,32.36063766479492
1148,31-56,32.36063766479492
1149,31-58,32.36063766479492
1150,31-59,32.36063766479492
1151,32-1,32.36063766479492
1152,32-3,32.36063766479492
1153,32-4,32.36063766479492
1154,32-6,32.36063766479492
1155,32-8,32.36063766479492
1156,32-9,32.36063766479492
1157,32-11,32.36063766479492
1158,32-13,32.36063766479492
1159,32-14,32.36063766479492
1160,32-16,32.36063766479492
1161,32-18,32.36063766479492
1162,32-19,32.36063766479492
1163,32-21,32.36063766479492
1164,32-23,32.36063766479492
1165,32-24,32.36063766479492
1166,32-26,32.36063766479492
1167,32-28,32.36063766479492
1168,32-29,32.36063766479492
1169,32-31,32.36063766479492
1170,32-33,32.36063766479492
1171,32-34,32.36063766479492
1172,32-36,32.36063766479492
1173,32-38,32.36063766479492
1174,32-39,32.36063766479492
1175,32-41,32.36063766479492
1176,32-42,32.36063766479492
1177,32-44,32.36063766479492
1178,32-46,32.36063766479492
1179,32-47,32.36063766479492
1180,32-49,32.36063766479492
1181,32-51,32.36063766479492
1182,32-52,32.36063766479492
1183,32-54,32.36063766479492
1184,32-56,32.36063766479492
1185,32-57,32.36063766479492
1186,32-59,32.36063766479492
1187,33-1,32.36063766479492
1188,33-2,32.36063766479492
1189,33-4,32.36063766479492
1190,33-6,32.36063766479492
1191,33-7,32.36063766479492
1192,33-9,32.36063766479492
1193,33-11,32.36063766479492
1194,33-12,32.36063766479492
1195,33-14,32.36063766479492
1196,33-16,32.36063766479492
1197,33-17,32.36063766479492
1198,33-19,32.36063766479492
1199,33-21,32.36063766479492
1200,33-22,32.36063766479492
1201,33-24,32.36063766479492
1202,33-26,32.36063766479492
1203,33-27,32.36063766479492
1204,33-29,32.36063766479492
1205,33-31,32.36063766479492
1206,33-32,32.36063766479492
1207,33-34,32.36063766479492
1208,33-36,32.36063766479492
1209,33-37,32.36063766479492
1210,33-39,32.36063766479492
1211,33-41,32.36063766479492
1212,33-42,32.36063766479492
1213,33-44,32.36063766479492
1214,33-46,32.36063766479492
1215,33-47,32.36063766479492
1216,33-49,32.36063766479492
1217,33-51,32.36063766479492
1218,33-52,32.36063766479492
1219,33-54,32.36063766479492
1220,33-56,32.36063766479492
1221,33-57,32.36063766479492
1222,33-59,32.36063766479492
1223,34-0,32.36063766479492
1224,34-2,32.36063766479492
1225,34-4,32.36063766479492
1226,34-5,32.36063766479492
1227,34-7,32.36063766479492
1228,34-9,32.36063766479492
1229,34-10,32.36063766479492
1230,34-12,32.36063766479492
1231,34-14,32.36063766479492
1232,34-15,32.36063766479492
1233,34-17,32.36063766479492
1234,34-19,32.36063766479492
1235,34-20,32.36063766479492
1236,34-22,32.36063766479492
1237,34-24,32.36063766479492
1238,34-25,32.36063766479492
1239,34-27,32.36063766479492
1240,34-29,32.36063766479492
1241,34-30,32.36063766479492
1242,34-32,32.36063766479492
1243,34-34,32.36063766479492
1244,34-35,32.36063766479492
1245,34-37,32.36063766479492
1246,34-39,32.36063766479492
1247,34-40,32.36063766479492
1248,34-42,32.36063766479492
1249,34-44,32.36063766479492
1250,34-45,32.36063766479492
1251,34-47,32.36063766479492
1252,34-49,32.36063766479492
1253,34-50,32.36063766479492
1254,34-52,32.36063766479492
1255,34-54,32.36063766479492
1256,34-55,32.36063766479492
1257,34-57,32.36063766479492
1258,34-59,32.36063766479492
1259,35-0,32.36063766479492
1260,35-2,32.36063766479492
1261,35-4,32.36063766479492
1262,35-5,32.36063766479492
1263,35-7,32.36063766479492
1264,35-9,32.36063766479492
1265,35-10,32.36063766479492
1266,35-12,32.36063766479492
1267,35-14,32.36063766479492
1268,35-15,32.36063766479492
1269,35-17,32.36063766479492
1270,35-19,32.36063766479492
1271,35-20,32.36063766479492
1272,35-22,32.36063766479492
1273,35-24,32.36063766479492
1274,35-25,32.36063766479492
1275,35-27,32.36063766479492
1276,35-29,32.36063766479492
1277,35-30,32.36063766479492
1278,35-32,32.36063766479492
1279,35-33,32.36063766479492
1280,35-35,32.36063766479492
1281,35-37,32.36063766479492
1282,35-38,32.36063766479492
1283,35-40,32.36063766479492
1284,35-42,32.36063766479492
1285,35-43,32.36063766479492
1286,35-45,32.36063766479492
1287,35-47,32.36063766479492
1288,35-48,32.36063766479492
1289,35-50,32.36063766479492
1290,35-52,32.36063766479492
1291,35-53,32.36063766479492
1292,35-55,32.36063766479492
1293,35-57,32.36063766479492
1294,35-58,32.36063766479492
1295,36-0,32.36063766479492
1296,36-2,32.36063766479492
1297,36-3,32.36063766479492
1298,36-5,32.36063766479492
1299,36-7,32.36063766479492
1300,36-8,32.36063766479492
1301,36-10,32.36063766479492
1302,36-12,32.36063766479492
1303,36-13,32.36063766479492
1304,36-15,32.36063766479492
1305,36-17,32.36063766479492
1306,36-18,32.36063766479492
1307,36-20,32.36063766479492
1308,36-22,32.36063766479492
1309,36-23,32.36063766479492
1310,36-25,32.36063766479492
1311,36-27,32.36063766479492
1312,36-28,32.36063766479492
1313,36-30,32.36063766479492
1314,36-32,32.36063766479492
1315,36-33,32.36063766479492
1316,36-35,32.36063766479492
1317,36-37,32.36063766479492
1318,36-38,32.36063766479492
1319,36-40,32.36063766479492
1320,36-42,32.36063766479492
1321,36-43,32.36063766479492
1322,36-45,32.36063766479492
1323,36-47,32.36063766479492
1324,36-48,32.36063766479492
1325,36-50,32.36063766479492
1326,36-52,32.36063766479492
1327,36-53,32.36063766479492
1328,36-55,32.36063766479492
1329,36-57,32.36063766479492
1330,36-58,32.36063766479492
1331,37-0,32.36063766479492
1332,37-2,32.36063766479492
1333,37-3,32.36063766479492
1334,37-5,32.36063766479492
1335,37-7,32.36063766479492
1336,37-8,32.36063766479492
1337,37-10,32.36063766479492
1338,37-11,32.36063766479492
1339,37-13,32.36063766479492
1340,37-15,32.36063766479492
1341,37-16,32.36063766479492
1342,37-18,32.36063766479492
1343,37-20,32.36063766479492
1344,37-21,32.36063766479492
1345,37-23,32.36063766479492
1346,37-25,32.36063766479492
1347,37-26,32.36063766479492
1348,37-28,32.36063766479492
1349,37-30,32.36063766479492
1350,37-31,32.36063766479492
1351,37-33,32.36063766479492
1352,37-35,32.36063766479492
1353,37-36,32.36063766479492
1354,37-38,32.36063766479492
1355,37-40,32.36063766479492
1356,37-41,32.36063766479492
1357,37-43,32.36063766479492
1358,37-45,32.36063766479492
1359,37-46,32.36063766479492
1360,37-48,32.36063766479492
1361,37-50,32.36063766479492
1362,37-51,32.36063766479492
1363,37-53,32.36063766479492
1364,37-55,32.36063766479492
1365,37-56,32.36063766479492
1366,37-58,32.36063766479492
1367,38-0,32.36063766479492
1368,38-1,32.36063766479492
1369,38-3,32.36063766479492
1370,38-5,32.36063766479492
1371,38-6,32.36063766479492
1372,38-8,32.36063766479492
1373,38-10,32.36063766479492
1374,38-11,32.36063766479492
1375,38-13,32.36063766479492
1376,38-15,32.36063766479492
1377,38-16,32.36063766479492
1378,38-18,32.36063766479492
1379,38-20,32.36063766479492
1380,38-21,32.36063766479492
1381,38-23,32.36063766479492
1382,38-25,32.36063766479492
1383,38-26,32.36063766479492
1384,38-28,32.36063766479492
1385,38-30,32.36063766479492
1386,38-31,32.36063766479492
1387,38-33,32.36063766479492
1388,38-35,32.36063766479492
1389,38-36,32.36063766479492
1390,38-38,32.36063766479492
1391,38-40,32.36063766479492
1392,38-41,32.36063766479492
1393,38-43,32.36063766479492
1394,38-45,32.36063766479492
1395,38-46,32.36063766479492
1396,38-48,32.36063766479492
1397,38-50,32.36063766479492
1398,38-51,32.36063766479492
1399,38-53,32.36063766479492
1400,38-55,32.36063766479492
1401,38-56,32.36063766479492
1402,38-58,32.36063766479492
1403,39-0,32.36063766479492
1404,39-2,32.36063766479492
1405,39-3,32.36063766479492
1406,39-5,32.36063766479492
1407,39-7,32.36063766479492
1408,39-8,32.36063766479492
1409,39-10,32.36063766479492
1410,39-12,32.36063766479492
1411,39-13,32.36063766479492
1412,39-15,32.36063766479492
1413,39-17,32.36063766479492
1414,39-18,32.36063766479492
1415,39-20,32.36063766479492
1416,39-22,32.36063766479492
1417,39-23,32.36063766479492
1418,39-25,32.36063766479492
1419,39-27,32.36063766479492
1420,39-28,32.36063766479492
1421,39-30,32.36063766479492
1422,39-32,32.36063766479492
1423,39-33,32.36063766479492
1424,39-35,32.36063766479492
1425,39-37,32.36063766479492
1426,39-38,32.36063766479492
1427,39-40,32.36063766479492
1428,39-42,32.36063766479492
1429,39-43,32.36063766479492
1430,39-45,32.36063766479492
1431,39-47,32.36063766479492
1432,39-48,32.36063766479492
1433,39-50,32.36063766479492
1434,39-52,32.36063766479492
1435,39-53,32.36063766479492
1436,39-55,32.36063766479492
1437,39-57,32.36063766479492
1438,39-58,32.36063766479492
1439,40-0,32.36063766479492
1440,40-2,32.36063766479492
1441,40-3,32.36063766479492
1442,40-5,32.36063766479492
1443,40-7,32.36063766479492
1444,40-8,32.36063766479492
1445,40-10,32.36063766479492
1446,40-12,32.36063766479492
1447,40-13,32.36063766479492
1448,40-15,32.36063766479492
1449,40-17,32.36063766479492
1450,40-18,32.36063766479492
1451,40-20,32.36063766479492
1452,40-22,32.36063766479492
1453,40-23,32.36063766479492
1454,40-25,32.36063766479492
1455,40-27,32.36063766479492
1456,40-29,32.36063766479492
1457,40-30,32.36063766479492
1458,40-32,32.36063766479492
1459,40-34,32.36063766479492
1460,40-35,32.36063766479492
1461,40-37,32.36063766479492
1462,40-39,32.36063766479492
1463,40-40,32.36063766479492
1464,40-42,32.36063766479492
1465,40-44,32.36063766479492
1466,40-45,32.36063766479492
1467,40-47,32.36063766479492
1468,40-49,32.36063766479492
1469,40-50,32.36063766479492
1470,40-52,32.36063766479492
1471,40-54,32.36063766479492
1472,40-55,32.36063766479492
1473,40-57,32.36063766479492
1474,40-59,32.36063766479492
1475,41-0,32.36063766479492
1476,41-2,32.36063766479492
1477,41-4,32.36063766479492
1478,41-5,32.36063766479492
1479,41-7,32.36063766479492
1480,41-9,32.36063766479492
1481,41-10,32.36063766479492
1482,41-12,32.36063766479492
1483,41-14,32.36063766479492
1484,41-15,32.36063766479492
1485,41-17,32.36063766479492
1486,41-19,32.36063766479492
1487,41-20,32.36063766479492
1488,41-22,32.36063766479492
1489,41-24,32.36063766479492
1490,41-25,32.36063766479492
1491,41-27,32.36063766479492
1492,41-29,32.36063766479492
1493,41-30,32.36063766479492
1494,41-32,32.36063766479492
1495,41-34,32.36063766479492
1496,41-35,32.36063766479492
1497,41-37,32.36063766479492
1498,41-39,32.36063766479492
1499,41-40,32.36063766479492
1500,41-42,32.36063766479492
1501,41-44,32.36063766479492
1502,41-46,32.36063766479492
1503,41-47,32.36063766479492
1504,41-49,32.36063766479492
1505,41-51,32.36063766479492
1506,41-52,32.36063766479492
1507,41-54,32.36063766479492
1508,41-56,32.36063766479492
1509,41-57,32.36063766479492
1510,41-59,32.36063766479492
1511,42-1,32.36063766479492
1512,42-2,32.36063766479492
1513,42-4,32.36063766479492
1514,42-6,32.36063766479492
1515,42-7,32.36063766479492
1516,42-9,32.36063766479492
1517,42-11,32.36063766479492
1518,42-12,32.36063766479492
1519,42-14,32.36063766479492
1520,42-16,32.36063766479492
1521,42-17,32.36063766479492
1522,42-19,32.36063766479492
1523,42-21,32.36063766479492
1524,42-22,32.36063766479492
1525,42-24,32.36063766479492
1526,42-26,32.36063766479492
1527,42-27,32.36063766479492
1528,42-29,32.36063766479492
1529,42-31,32.36063766479492
1530,42-32,32.36063766479492
1531,42-34,32.36063766479492
1532,42-36,32.36063766479492
1533,42-37,32.36063766479492
1534,42-39,32.36063766479492
1535,42-41,32.36063766479492
1536,42-42,32.36063766479492
1537,42-44,32.36063766479492
1538,42-46,32.36063766479492
1539,42-47,32.36063766479492
1540,42-49,32.36063766479492
1541,42-51,32.36063766479492
1542,42-52,32.36063766479492
1543,42-54,32.36063766479492
1544,42-56,32.36063766479492
1545,42-57,32.36063766479492
1546,42-59,32.36063766479492
1547,43-1,32.36063766479492
1548,43-2,32.36063766479492
1549,43-4,32.36063766479492
1550,43-6,32.36063766479492
1551,43-7,32.36063766479492
1552,43-9,32.36063766479492
1553,43-11,32.36063766479492
1554,43-12,32.36063766479492
1555,43-14,32.36063766479492
1556,43-16,32.36063766479492
1557,43-17,32.36063766479492
1558,43-19,32.36063766479492
1559,43-21,32.36063766479492
1560,43-23,32.36063766479492
1561,43-24,32.36063766479492
1562,43-26,32.36063766479492
1563,43-28,32.36063766479492
1564,43-29,32.36063766479492
1565,43-31,32.36063766479492
1566,43-33,32.36063766479492
1567,43-34,32.36063766479492
1568,43-36,32.36063766479492
1569,43-38,32.36063766479492
1570,43-39,32.36063766479492
1571,43-41,32.36063766479492
1572,43-43,32.36063766479492
1573,43-44,32.36063766479492
1574,43-46,32.36063766479492
1575,43-48,32.36063766479492
1576,43-49,32.36063766479492
1577,43-51,32.36063766479492
1578,43-53,32.36063766479492
1579,43-54,32.36063766479492
1580,43-56,32.36063766479492
1581,43-58,32.36063766479492
1582,43-59,32.36063766479492
1583,44-1,32.36063766479492
1584,44-3,32.36063766479492
1585,44-4,32.36063766479492
1586,44-6,32.36063766479492
1587,44-8,32.36063766479492
1588,44-9,32.36063766479492
1589,44-11,32.36063766479492
1590,44-13,32.36063766479492
1591,44-14,32.36063766479492
1592,44-16,32.36063766479492
1593,44-18,32.36063766479492
1594,44-19,32.36063766479492
1595,44-21,32.36063766479492
1596,44-23,32.36063766479492
1597,44-24,32.36063766479492
1598,44-26,32.36063766479492
1599,44-28,32.36063766479492
1600,44-29,32.36063766479492
1601,44-31,32.36063766479492
1602,44-33,32.36063766479492
1603,44-34,32.36063766479492
1604,44-36,32.36063766479492
1605,44-38,32.36063766479492
1606,44-39,32.36063766479492
1607,44-41,32.36063766479492
1608,44-43,32.36063766479492
1609,44-44,32.36063766479492
1610,44-46,32.36063766479492
1611,44-48,32.36063766479492
1612,44-49,32.36063766479492
1613,44-51,32.36063766479492
1614,44-53,32.36063766479492
1615,44-54,32.36063766479492
1616,44-56,32.36063766479492
1617,44-58,32.36063766479492
1618,44-59,32.36063766479492
1619,45-1,32.36063766479492
1620,45-3,32.36063766479492
1621,45-4,32.36063766479492
1622,45-6,32.36063766479492
1623,45-8,32.36063766479492
1624,45-10,32.36063766479492
1625,45-11,32.36063766479492
1626,45-13,32.36063766479492
1627,45-15,32.36063766479492
1628,45-16,32.36063766479492
1629,45-18,32.36063766479492
1630,45-20,32.36063766479492
1631,45-21,32.36063766479492
1632,45-23,32.36063766479492
1633,45-25,32.36063766479492
1634,45-26,32.36063766479492
1635,45-28,32.36063766479492
1636,45-30,32.36063766479492
1637,45-31,32.36063766479492
1638,45-33,32.36063766479492
1639,45-35,32.36063766479492
1640,45-36,32.36063766479492
1641,45-38,32.36063766479492
1642,45-40,32.36063766479492
1643,45-41,32.36063766479492
1644,45-43,32.36063766479492
1645,45-45,32.36063766479492
1646,45-46,32.36063766479492
1647,45-48,32.36063766479492
1648,45-50,32.36063766479492
1649,45-51,32.36063766479492
1650,45-53,32.36063766479492
1651,45-55,32.36063766479492
1652,45-56,32.36063766479492
1653,45-58,32.36063766479492
1654,46-0,32.36063766479492
1655,46-1,32.36063766479492
1656,46-3,32.36063766479492
1657,46-5,32.36063766479492
1658,46-6,32.36063766479492
1659,46-8,32.36063766479492
1660,46-10,32.36063766479492
1661,46-11,32.36063766479492
1662,46-13,32.36063766479492
1663,46-15,32.36063766479492
1664,46-16,32.36063766479492
1665,46-18,32.36063766479492
1666,46-20,32.36063766479492
1667,46-21,32.36063766479492
1668,46-23,32.36063766479492
1669,46-25,32.36063766479492
1670,46-26,32.36063766479492
1671,46-28,32.36063766479492
1672,46-30,32.36063766479492
1673,46-31,32.36063766479492
1674,46-33,32.36063766479492
1675,46-35,32.36063766479492
1676,46-36,32.36063766479492
1677,46-38,32.36063766479492
1678,46-40,32.36063766479492
1679,46-41,32.36063766479492
1680,46-43,32.36063766479492
1681,46-45,32.36063766479492
1682,46-46,32.36063766479492
1683,46-48,32.36063766479492
1684,46-50,32.36063766479492
1685,46-51,32.36063766479492
1686,46-53,32.36063766479492
1687,46-55,32.36063766479492
1688,46-56,32.36063766479492
1689,46-58,32.36063766479492
1690,47-0,32.36063766479492
1691,47-1,32.36063766479492
1692,47-3,32.36063766479492
1693,47-5,32.36063766479492
1694,47-7,32.36063766479492
1695,47-8,32.36063766479492
1696,47-10,32.36063766479492
1697,47-11,32.36063766479492
1698,47-13,32.36063766479492
1699,47-15,32.36063766479492
1700,47-17,32.36063766479492
1701,47-18,32.36063766479492
1702,47-20,32.36063766479492
1703,47-22,32.36063766479492
1704,47-23,32.36063766479492
1705,47-25,32.36063766479492
1706,47-27,32.36063766479492
1707,47-28,32.36063766479492
1708,47-30,32.36063766479492
1709,47-32,32.36063766479492
1710,47-33,32.36063766479492
1711,47-35,32.36063766479492
1712,47-37,32.36063766479492
1713,47-38,32.36063766479492
1714,47-40,32.36063766479492
1715,47-42,32.36063766479492
1716,47-43,32.36063766479492
1717,47-45,32.36063766479492
1718,47-47,32.36063766479492
1719,47-48,32.36063766479492
1720,47-50,32.36063766479492
1721,47-52,32.36063766479492
1722,47-53,32.36063766479492
1723,47-55,32.36063766479492
1724,47-57,32.36063766479492
1725,47-58,32.36063766479492
1726,48-0,32.36063766479492
1727,48-2,32.36063766479492
1728,48-3,32.36063766479492
1729,48-5,32.36063766479492
1730,48-7,32.36063766479492
1731,48-8,32.36063766479492
1732,48-10,32.36063766479492
1733,48-12,32.36063766479492
1734,48-13,32.36063766479492
1735,48-15,32.36063766479492
1736,48-17,32.36063766479492
1737,48-18,32.36063766479492
1738,48-20,32.36063766479492
1739,48-22,32.36063766479492
1740,48-23,32.36063766479492
1741,48-25,32.36063766479492
1742,48-27,32.36063766479492
1743,48-28,32.36063766479492
1744,48-30,32.36063766479492
1745,48-32,32.36063766479492
1746,48-33,32.36063766479492
1747,48-35,32.36063766479492
1748,48-37,32.36063766479492
1749,48-38,32.36063766479492
1750,48-40,32.36063766479492
1751,48-42,32.36063766479492
1752,48-43,32.36063766479492
1753,48-45,32.36063766479492
1754,48-47,32.36063766479492
1755,48-48,32.36063766479492
1756,48-50,32.36063766479492
1757,48-52,32.36063766479492
1758,48-54,32.36063766479492
1759,48-55,32.36063766479492
1760,48-57,32.36063766479492
1761,48-59,32.36063766479492
1762,49-0,32.36063766479492
1763,49-2,32.36063766479492
1764,49-4,32.36063766479492
1765,49-5,32.36063766479492
1766,49-7,32.36063766479492
1767,49-9,32.36063766479492
1768,49-10,32.36063766479492
1769,49-12,32.36063766479492
1770,49-14,32.36063766479492
1771,49-15,32.36063766479492
1772,49-17,32.36063766479492
1773,49-19,32.36063766479492
1774,49-20,32.36063766479492
1775,49-22,32.36063766479492
1776,49-24,32.36063766479492
1777,49-25,32.36063766479492
1778,49-27,32.36063766479492
1779,49-29,32.36063766479492
1780,49-30,32.36063766479492
1781,49-32,32.36063766479492
1782,49-34,32.36063766479492
1783,49-35,32.36063766479492
1784,49-37,32.36063766479492
1785,49-39,32.36063766479492
1786,49-40,32.36063766479492
1787,49-42,32.36063766479492
1788,49-44,32.36063766479492
1789,49-45,32.36063766479492
1790,49-47,32.36063766479492
1791,49-49,32.36063766479492
1792,49-50,32.36063766479492
1793,49-52,32.36063766479492
1794,49-54,32.36063766479492
1795,49-55,32.36063766479492
1796,49-57,32.36063766479492
1797,49-59,32.36063766479492
1798,50-0,32.36063766479492
1799,50-2,32.36063766479492
1800,50-4,32.36063766479492
1801,50-5,32.36063766479492
1802,50-7,32.36063766479492
1803,50-9,32.36063766479492
1804,50-10,32.36063766479492
1805,50-12,32.36063766479492
1806,50-14,32.36063766479492
1807,50-15,32.36063766479492
1808,50-17,32.36063766479492
1809,50-19,32.36063766479492
1810,50-20,32.36063766479492
1811,50-22,32.36063766479492
1812,50-24,32.36063766479492
1813,50-25,32.36063766479492
1814,50-27,32.36063766479492
1815,50-29,32.36063766479492
1816,50-30,32.36063766479492
1817,50-32,32.36063766479492
1818,50-34,32.36063766479492
1819,50-35,32.36063766479492
1820,50-37,32.36063766479492
1821,50-39,32.36063766479492
1822,50-40,32.36063766479492
1823,50-42,32.36063766479492
1824,50-44,32.36063766479492
1825,50-45,32.36063766479492
1826,50-47,32.36063766479492
1827,50-49,32.36063766479492
1828,50-50,32.36063766479492
1829,50-52,32.36063766479492
1830,50-54,32.36063766479492
1831,50-55,32.36063766479492
1832,50-57,32.36063766479492
1833,50-59,32.36063766479492
1834,51-0,32.36063766479492
1835,51-2,32.36063766479492
1836,51-4,32.36063766479492
1837,51-5,32.36063766479492
1838,51-7,32.36063766479492
1839,51-9,32.36063766479492
1840,51-10,32.36063766479492
1841,51-12,32.36063766479492
1842,51-14,32.36063766479492
1843,51-15,32.36063766479492
1844,51-17,32.36063766479492
1845,51-19,32.36063766479492
1846,51-20,32.36063766479492
1847,51-22,32.36063766479492
1848,51-24,32.36063766479492
1849,51-25,32.36063766479492
1850,51-27,32.36063766479492
1851,51-29,32.36063766479492
1852,51-30,32.36063766479492
1853,51-32,32.36063766479492
1854,51-34,32.36063766479492
1855,51-35,32.36063766479492
1856,51-37,32.36063766479492
1857,51-38,32.36063766479492
1858,51-40,32.36063766479492
1859,51-42,32.36063766479492
1860,51-43,32.36063766479492
1861,51-45,32.36063766479492
1862,51-47,32.36063766479492
1863,51-48,32.36063766479492
1864,51-50,32.36063766479492
1865,51-52,32.36063766479492
1866,51-53,32.36063766479492
1867,51-55,32.36063766479492
1868,51-57,32.36063766479492
1869,51-58,32.36063766479492
1870,52-0,32.36063766479492
1871,52-2,32.36063766479492
1872,52-3,32.36063766479492
1873,52-5,32.36063766479492
1874,52-7,32.36063766479492
1875,52-8,32.36063766479492
1876,52-10,32.36063766479492
1877,52-12,32.36063766479492
1878,52-13,32.36063766479492
1879,52-15,32.36063766479492
1880,52-17,32.36063766479492
1881,52-18,32.36063766479492
1882,52-20,32.36063766479492
1883,52-22,32.36063766479492
1884,52-23,32.36063766479492
1885,52-25,32.36063766479492
1886,52-27,32.36063766479492
1887,52-28,32.36063766479492
1888,52-30,32.36063766479492
1889,52-32,32.36063766479492
1890,52-33,32.36063766479492
1891,52-35,32.36063766479492
1892,52-37,32.36063766479492
1893,52-38,32.36063766479492
1894,52-40,32.36063766479492
1895,52-42,32.36063766479492
1896,52-43,32.36063766479492
1897,52-45,32.36063766479492
1898,52-47,32.36063766479492
1899,52-48,32.36063766479492
1900,52-50,32.36063766479492
1901,52-52,32.36063766479492
1902,52-53,32.36063766479492
1903,52-55,32.36063766479492
1904,52-57,32.36063766479492
1905,52-58,32.36063766479492
1906,53-0,32.36063766479492
1907,53-2,32.36063766479492
1908,53-3,32.36063766479492
1909,53-5,32.36063766479492
1910,53-7,32.36063766479492
1911,53-8,32.36063766479492
1912,53-10,32.36063766479492
1913,53-12,32.36063766479492
1914,53-13,32.36063766479492
1915,53-15,32.36063766479492
1916,53-17,32.36063766479492
1917,53-18,32.36063766479492
1918,53-20,32.36063766479492
1919,53-22,32.36063766479492
1920,53-23,32.36063766479492
1921,53-25,32.36063766479492
1922,53-27,32.36063766479492
1923,53-28,32.36063766479492
1924,53-30,32.36063766479492
1925,53-31,32.36063766479492
1926,53-33,32.36063766479492
1927,53-35,32.36063766479492
1928,53-36,32.36063766479492
1929,53-38,32.36063766479492
1930,53-40,32.36063766479492
1931,53-41,32.36063766479492
1932,53-43,32.36063766479492
1933,53-45,32.36063766479492
1934,53-46,32.36063766479492
1935,53-48,32.36063766479492
1936,53-50,32.36063766479492
1937,53-51,32.36063766479492
1938,53-53,32.36063766479492
1939,53-55,32.36063766479492
1940,53-56,32.36063766479492
1941,53-58,32.36063766479492
1942,54-0,32.36063766479492
1943,54-1,32.36063766479492
1944,54-3,32.36063766479492
1945,54-5,32.36063766479492
1946,54-6,32.36063766479492
1947,54-8,32.36063766479492
1948,54-10,32.36063766479492
1949,54-11,32.36063766479492
1950,54-13,32.36063766479492
1951,54-15,32.36063766479492
1952,54-16,32.36063766479492
1953,54-18,32.36063766479492
1954,54-20,32.36063766479492
1955,54-21,32.36063766479492
1956,54-23,32.36063766479492
1957,54-25,32.36063766479492
1958,54-26,32.36063766479492
1959,54-28,32.36063766479492
1960,54-30,32.36063766479492
1961,54-31,32.36063766479492
1962,54-33,32.36063766479492
1963,54-35,32.36063766479492
1964,54-36,32.36063766479492
1965,54-38,32.36063766479492
1966,54-40,32.36063766479492
1967,54-41,32.36063766479492
1968,54-43,32.36063766479492
1969,54-45,32.36063766479492
1970,54-46,32.36063766479492
1971,54-48,32.36063766479492
1972,54-50,32.36063766479492
1973,54-51,32.36063766479492
1974,54-53,32.36063766479492
1975,54-55,32.36063766479492
1976,54-56,32.36063766479492
1977,54-58,32.36063766479492
1978,55-0,32.36063766479492
1979,55-1,32.36063766479492
1980,55-3,32.36063766479492
1981,55-5,32.36063766479492
1982,55-6,32.36063766479492
1983,55-8,32.36063766479492
1984,55-9,32.36063766479492
1985,55-11,32.36063766479492
1986,55-13,32.36063766479492
1987,55-14,32.36063766479492
1988,55-16,32.36063766479492
1989,55-18,32.36063766479492
1990,55-19,32.36063766479492
1991,55-21,32.36063766479492
1992,55-23,32.36063766479492
1993,55-24,32.36063766479492
1994,55-26,32.36063766479492
1995,55-28,32.36063766479492
1996,55-29,32.36063766479492
1997,55-31,32.36063766479492
1998,55-33,32.36063766479492
1999,55-34,32.36063766479492
2000,55-36,32.36063766479492
2001,55-38,32.36063766479492
2002,55-39,32.36063766479492
2003,55-41,32.36063766479492
2004,55-43,32.36063766479492
2005,55-44,32.36063766479492
2006,55-46,32.36063766479492
2007,55-48,32.36063766479492
2008,55-49,32.36063766479492
2009,55-51,32.36063766479492
2010,55-53,32.36063766479492
2011,55-54,32.36063766479492
2012,55-56,32.36063766479492
2013,55-58,32.36063766479492
2014,55-59,32.36063766479492
2015,56-1,32.36063766479492
2016,56-3,32.36063766479492
2017,56-4,32.36063766479492
2018,56-6,32.36063766479492
2019,56-8,32.36063766479492
2020,56-9,32.36063766479492
2021,56-11,32.36063766479492
2022,56-13,32.36063766479492
2023,56-14,32.36063766479492
2024,56-16,32.36063766479492
2025,56-18,32.36063766479492
2026,56-19,32.36063766479492
2027,56-21,32.36063766479492
2028,56-23,32.36063766479492
2029,56-24,32.36063766479492
2030,56-26,32.36063766479492
2031,56-28,32.36063766479492
2032,56-29,32.36063766479492
2033,56-31,32.36063766479492
2034,56-32,32.36063766479492
2035,56-34,32.36063766479492
2036,56-36,32.36063766479492
2037,56-37,32.36063766479492
2038,56-39,32.36063766479492
2039,56-41,32.36063766479492
2040,56-42,32.36063766479492
2041,56-44,32.36063766479492
2042,56-46,32.36063766479492
2043,56-47,32.36063766479492
2044,56-49,32.36063766479492
2045,56-51,32.36063766479492
2046,56-52,32.36063766479492
2047,56-54,32.36063766479492
2048,56-56,32.36063766479492
2049,56-57,32.36063766479492
2050,56-59,32.36063766479492
2051,57-1,32.36063766479492
2052,57-2,32.36063766479492
2053,57-4,32.36063766479492
2054,57-6,32.36063766479492
2055,57-7,32.36063766479492
2056,57-9,32.36063766479492
2057,57-11,32.36063766479492
2058,57-12,32.36063766479492
2059,57-14,32.36063766479492
2060,57-16,32.36063766479492
2061,57-17,32.36063766479492
2062,57-19,32.36063766479492
2063,57-21,32.36063766479492
2064,57-22,32.36063766479492
2065,57-24,32.36063766479492
2066,57-26,32.36063766479492
2067,57-27,32.36063766479492
2068,57-29,32.36063766479492
2069,57-31,32.36063766479492
2070,57-32,32.36063766479492
2071,57-34,32.36063766479492
2072,57-36,32.36063766479492
2073,57-37,32.36063766479492
2074,57-39,32.36063766479492
2075,57-41,32.36063766479492
2076,57-42,32.36063766479492
2077,57-44,32.36063766479492
2078,57-46,32.36063766479492
2079,57-47,32.36063766479492
2080,57-49,32.36063766479492
2081,57-51,32.36063766479492
2082,57-52,32.36063766479492
2083,57-54,32.36063766479492
2084,57-56,32.36063766479492
2085,57-57,32.36063766479492
2086,57-59,32.36063766479492
2087,58-1,32.36063766479492
2088,58-2,32.36063766479492
2089,58-4,32.36063766479492
2090,58-5,32.36063766479492
2091,58-7,32.36063766479492
2092,58-9,32.36063766479492
2093,58-11,32.36063766479492
2094,58-12,32.36063766479492
2095,58-14,32.36063766479492
2096,58-16,32.36063766479492
2097,58-17,32.36063766479492
2098,58-19,32.36063766479492
2099,58-20,32.36063766479492
2100,58-22,32.36063766479492
2101,58-24,32.36063766479492
2102,58-25,32.36063766479492
2103,58-27,32.36063766479492
2104,58-29,32.36063766479492
2105,58-30,32.36063766479492
2106,58-32,32.36063766479492
2107,58-34,32.36063766479492
2108,58-35,32.36063766479492
2109,58-37,32.36063766479492
2110,58-39,32.36063766479492
2111,58-40,32.36063766479492
2112,58-42,32.36063766479492
2113,58-44,32.36063766479492
2114,58-45,32.36063766479492
2115,58-47,32.36063766479492
2116,58-49,32.36063766479492
2117,58-50,32.36063766479492
2118,58-52,32.36063766479492
2119,58-54,32.36063766479492
2120,58-55,32.36063766479492
2121,58-57,32.36063766479492
2122,58-59,32.36063766479492
2123,59-0,32.36063766479492
2124,59-2,32.36063766479492
2125,59-4,32.36063766479492
2126,59-5,32.36063766479492
2127,59-7,32.36063766479492
2128,59-9,32.36063766479492
2129,59-10,32.36063766479492
2130,59-12,32.36063766479492
2131,59-14,32.36063766479492
2132,59-15,32.36063766479492
2133,59-17,32.36063766479492
2134,59-19,32.36063766479492
2135,59-20,32.36063766479492
2136,59-22,32.36063766479492
2137,59-24,32.36063766479492
2138,59-25,32.36063766479492
2139,59-27,32.36063766479492
2140,59-29,32.36063766479492
2141,59-30,32.36063766479492
2142,59-32,32.36063766479492
2143,59-34,32.36063766479492
2144,59-35,32.36063766479492
2145,59-37,32.36063766479492
2146,59-38,32.36063766479492
2147,59-40,32.36063766479492
2148,59-42,32.36063766479492
2149,59-43,32.36063766479492
2150,59-45,32.36063766479492
2151,59-47,32.36063766479492
2152,59-48,32.36063766479492
2153,59-50,32.36063766479492
2154,59-52,32.36063766479492
2155,59-53,32.36063766479492
2156,59-55,32.36063766479492
2157,59-57,32.36063766479492
2158,59-58,32.36063766479492
